{
  "map@7": 0.7445754974941639,
  "precision@7": 0.004635714285714285,
  "recall@7": 0.9344360644497771,
  "coverage@7": 1.0
}